insurer,email,phone,grievance_page,source,list_last_updated,read_on
Agriculture Insurance,gro@aicofindia.com,1800 116 515,https://www.aicofindia.com/AICEng/Pages/CreateGrievance.aspx,https://irdai.gov.in/list-of-gros (non-life insurers),2026-10-06,2026-10-09
ECGC Limited,grievances@ecgc.in,,http://igms.ecgc.in/ecgc/grievance/login.aspx,https://irdai.gov.in/list-of-gros (non-life insurers),2026-10-06,2026-10-09
National Insurance,griho@nic.co.in,18003450330,https://niconline.in/grievance/html/app1/home.html,https://irdai.gov.in/list-of-gros (non-life insurers),2026-10-06,2026-10-09
The New India Assurance,gro@newindia.co.in,18002091415,https://www.newindia.co.in/portal/login/customer,https://irdai.gov.in/list-of-gros (non-life insurers),2026-10-06,2026-10-09
The Oriental Insurance,gro@orientalinsurance.co.in,1800118485,https://orientalinsurance.org.in/web/guest/contact-us?isSelected=contactUs&isRefresh=true,https://irdai.gov.in/list-of-gros (non-life insurers),2026-10-06,2026-10-09
United India Insurance,gro@uiic.co.in,,https://uiic.co.in/en/customercare/grievance,https://irdai.gov.in/list-of-gros (non-life insurers),2026-10-06,2026-10-09
Acko General,gro@acko.com,91-8068843605,https://www.acko.com/customer-service/grievance-redressal/,https://irdai.gov.in/list-of-gros (non-life insurers),2026-10-06,2026-10-09
Aditya Birla Health,gro.healthinsurance@adityabirlacapital.com,18002707000,https://www.adityabirlahealth.com/healthinsurance/assets/pdf/GrievanceRedressalPolicy_New.pdf,https://irdai.gov.in/list-of-gros (non-life insurers),2026-10-06,2026-10-09
Bajaj General,ggro@bajajgeneral.com,8080945060,https://www.bajajgeneralinsurance.com/about-us/customer-service.html,https://irdai.gov.in/list-of-gros (non-life insurers),2026-10-06,2026-10-09
Bharati Axa General,GRO.GI@bhartiaxa.com,022-48815939,https://www.bharti-axagi.co.in/grievance-redressal/procedure,https://irdai.gov.in/list-of-gros (non-life insurers),2026-10-06,2026-10-09
Cholamandalam MS,gro@cholams.murugappa.com,1800 208 5544,https://www.cholainsurance.com/grievance-redressal,https://irdai.gov.in/list-of-gros (non-life insurers),2026-10-06,2026-10-09
Navi General Insurance,gro@navi.com,18001230004,https://www.naviinsurance.com/service/,https://irdai.gov.in/list-of-gros (non-life insurers),2026-10-06,2026-10-09
Zuno General Insurance,grievanceofficer@edelweissinsurance.com,,https://cms.hizuno.com/uploads/Policy_for_Protection_of_Policyholders_Interests_4fa28cc29e.pdf?updated_at=2023-01-31T10:01:04.069Z,https://irdai.gov.in/list-of-gros (non-life insurers),2026-10-06,2026-10-09
Generali Central,fggro@futuregenerali.in,1860 500 3333 / 1800 220 233,https://general.futuregenerali.in/customer-service/grievance-redressal,https://irdai.gov.in/list-of-gros (non-life insurers),2026-10-06,2026-10-09
Go Digit General,grievance@godigit.com,1800-258-5956,https://www.godigit.com/claims/grievance-redressal-procedure,https://irdai.gov.in/list-of-gros (non-life insurers),2026-10-06,2026-10-09
HDFC ERGO General,gro@hdfcergo.com,18001020333,https://www.hdfcergo.com/customer-voice/grievances,https://irdai.gov.in/list-of-gros (non-life insurers),2026-10-06,2026-10-09
ICICI Lombard General,gro@icicilombard.com,022- 66877111,https://www.icicilombard.com/grievance-redressal,https://irdai.gov.in/list-of-gros (non-life insurers),2026-10-06,2026-10-09
IFFCO Tokio General,gro@iffcotokio.co.in,1800-103-5499,https://www.iffcotokio.co.in/contact-us/customer-services,https://irdai.gov.in/list-of-gros (non-life insurers),2026-10-06,2026-10-09
Kshema General Insurance,gro@kshema.co,040 - 69134465,https://kshema.co/grievance-redressal/,https://irdai.gov.in/list-of-gros (non-life insurers),2026-10-06,2026-10-09
Zurich Kotak General,grievanceofficer@kotak.com,1800 266 4545,https://www.kotakgeneralinsurance.com/customer-support/grievance-redressal-process,https://irdai.gov.in/list-of-gros (non-life insurers),2026-10-06,2026-10-09
Liberty General Insurance,GRO@libertyinsurance.in,1800-266-5844,https://www.libertyinsurance.in/customer-support/grievance-redressal.html,https://irdai.gov.in/list-of-gros (non-life insurers),2026-10-06,2026-10-09
Magma General Insurance Limited,gro@magmainsurance.com,1800 266 3202,https://www.magmainsurance.com/more/contact-us,https://irdai.gov.in/list-of-gros (non-life insurers),2026-10-06,2026-10-09
Manipal Cigna,gro@ManipalCigna.com,1800 - 102 - 4462,https://www.manipalcigna.com/grievance-redressal,https://irdai.gov.in/list-of-gros (non-life insurers),2026-10-06,2026-10-09
Niva Bupa Health Insurance Company Limited,gro@maxbupa.com,1860-500-8888,https://transaction.nivabupa.com/customer-care/health-services/grievance-redressal.aspx,https://irdai.gov.in/list-of-gros (non-life insurers),2026-10-06,2026-10-09
Raheja QBE,complaintsofficer@rahejaqbe.com,18001027723,https://www.rahejaqbe.com/grievance-redressal,https://irdai.gov.in/list-of-gros (non-life insurers),2026-10-06,2026-10-09
IndusInd General Insurance,rgicl.grievances@relianceada.com,18003009,https://www.reliancegeneral.co.in/Insurance/About-Us/Grievance-Redressal.aspx,https://irdai.gov.in/list-of-gros (non-life insurers),2026-10-06,2026-10-09
Reliance Health,rgicl.grievances@relianceada.com,18003009,https://www.reliancegeneral.co.in/Insurance/About-Us/Grievance-Redressal.aspx,https://irdai.gov.in/list-of-gros (non-life insurers),2026-10-06,2026-10-09
Care Health Insurance (Formely Religare Health Insurance Co. Ltd.),gro@careinsurance.com,18001024488/18001026655,https://www.careinsurance.com/customer-grievance-redressal.html,https://irdai.gov.in/list-of-gros (non-life insurers),2026-10-06,2026-10-09
Royal Sundaram General Insurance Co.Limited,gro@royalsundaram.in,1860 258 0000 / 1860 425 0000,https://www.royalsundaram.in/app/customer-grievance,https://irdai.gov.in/list-of-gros (non-life insurers),2026-10-06,2026-10-09
SBI General,gro@sbigeneral.in,1800-22-1111 / 1800-102-1111,https://www.sbigeneral.in/portal/grievance-redressal,https://irdai.gov.in/list-of-gros (non-life insurers),2026-10-06,2026-10-09
Shriram General,gro@shriramgi.com,0141-4828497,https://www.shriramgi.com/grievance.html,https://irdai.gov.in/list-of-gros (non-life insurers),2026-10-06,2026-10-09
Star Health and Allied,gro@starhealth.in,18004252255,https://www.starhealth.in/grievance-redressal,https://irdai.gov.in/list-of-gros (non-life insurers),2026-10-06,2026-10-09
Tata- AIG General,gro@tataaig.com,022 - 66933715,https://www.tataaig.com/grievance-redressal-policy,https://irdai.gov.in/list-of-gros (non-life insurers),2026-10-06,2026-10-09
Universal Sompo General,gro@universalsompo.com,1800 224030 / 18002674030,https://www.universalsompo.com/Footer/GrievanceRedressalProcess,https://irdai.gov.in/list-of-gros (non-life insurers),2026-10-06,2026-10-09
