office,address,tel,email,states_in_full,states_in_part,jurisdiction_as_published,source,read_on
Ahmedabad,"Jeevan Prakash Building, 6th floor, Tilak Marg, Relief Road, Ahmedabad – 380 001",079 - 25501201/02,oio.ahmedabad@cioins.co.in,Gujarat|Dadra and Nagar Haveli and Daman and Diu,,"Gujarat, Dadra & Nagar Haveli, Daman and Diu.","Council for Insurance Ombudsmen, cioins.co.in/Ombudsman (the displayed list)",2026-10-05
Bengaluru,"Jeevan Soudha Building, PID No. 57-27-N-19, Ground Floor, 19/19, 24th Main Road, JP Nagar, Ist Phase, Bengaluru – 560 078",080 - 26652048 / 26652049,oio.bengaluru@cioins.co.in,Karnataka,,Karnataka.,"Council for Insurance Ombudsmen, cioins.co.in/Ombudsman (the displayed list)",2026-10-05
Bhopal,"1st floor, ""Jeevan Shikha"", 60-B, Hoshangabad Road, Opp. Gayatri Mandir, Arera Hills, Bhopal – 462 011",0755 - 2769201 / 2769202 / 2769203,oio.bhopal@cioins.co.in,Madhya Pradesh|Chhattisgarh,,"Madhya Pradesh, Chhattisgarh.","Council for Insurance Ombudsmen, cioins.co.in/Ombudsman (the displayed list)",2026-10-05
Bhubaneswar,"62, Forest park, Bhubaneswar – 751 009",0674 - 2596461 / 2596455 / 2596429 / 2596003,oio.bhubaneswar@cioins.co.in,Odisha,,Odisha.,"Council for Insurance Ombudsmen, cioins.co.in/Ombudsman (the displayed list)",2026-10-05
Chandigarh,"Jeevan Deep Building, SCO 20-27, Ground Floor, Sector-17 A, Chandigarh – 160 017",0172-2706468,oio.chandigarh@cioins.co.in,Punjab|Himachal Pradesh|Jammu and Kashmir|Ladakh|Chandigarh,Haryana,"Punjab, Haryana (excluding Gurugram, Faridabad, Sonepat and Bahadurgarh), Himachal Pradesh, Union Territories of Jammu & Kashmir, Ladakh & Chandigarh.","Council for Insurance Ombudsmen, cioins.co.in/Ombudsman (the displayed list)",2026-10-05
Chennai,"Fatima Akhtar Court, 4th Floor, 453, Anna Salai, Teynampet, Chennai – 600 018",044 - 24333668 / 24333678,oio.chennai@cioins.co.in,Tamil Nadu,Puducherry,"Tamil Nadu, Puducherry Town and Karaikal (which are part of Puducherry).","Council for Insurance Ombudsmen, cioins.co.in/Ombudsman (the displayed list)",2026-10-05
Delhi,"2/2 A, Universal Insurance Building, Asaf Ali Road, New Delhi – 110 002",011 - 46013992 / 23213504 / 23232481,oio.delhi@cioins.co.in,Delhi,Haryana,"Delhi & following Districts of Haryana - Gurugram, Faridabad, Sonepat & Bahadurgarh.","Council for Insurance Ombudsmen, cioins.co.in/Ombudsman (the displayed list)",2026-10-05
Guwahati,"Jeevan Nivesh, 5th Floor, Near Pan Bazar, S.S. Road, Guwahati – 781 001 (Assam)",0361 - 2632204 / 2602205 / 2631307,oio.guwahati@cioins.co.in,Assam|Meghalaya|Manipur|Mizoram|Arunachal Pradesh|Nagaland|Tripura,,"Assam, Meghalaya, Manipur, Mizoram, Arunachal Pradesh, Nagaland and Tripura.","Council for Insurance Ombudsmen, cioins.co.in/Ombudsman (the displayed list)",2026-10-05
Hyderabad,"6-2-46, 1st floor, ""Moin Court"", Lane Opp. Hyundai Showroom, A. C. Guards, Lakdi-Ka-Pool, Hyderabad – 500 004",040 - 23312122 / 23376991 / 23376599 / 23328709 / 23325325,oio.hyderabad@cioins.co.in,Andhra Pradesh|Telangana,Puducherry,"Andhra Pradesh, Telangana, Yanam and part of Union Territory of Puducherry.","Council for Insurance Ombudsmen, cioins.co.in/Ombudsman (the displayed list)",2026-10-05
Jaipur,"Jeevan Nidhi – II Bldg., Gr. Floor, Bhawani Singh Marg, Jaipur – 302 005",0141-2740363,oio.jaipur@cioins.co.in,Rajasthan,,Rajasthan.,"Council for Insurance Ombudsmen, cioins.co.in/Ombudsman (the displayed list)",2026-10-05
Kochi,"10th Floor, Jeevan Prakash, LIC Building, Opp. to Maharaja's College Ground, M.G. Road, Kochi – 682 011",0484 - 2358759,oio.ernakulam@cioins.co.in,Kerala|Lakshadweep,Puducherry,"Kerala, Lakshadweep, Mahe - a part of Union Territory of Puducherry.","Council for Insurance Ombudsmen, cioins.co.in/Ombudsman (the displayed list)",2026-10-05
Kolkata,"Hindustan Bldg. Annexe, 7th Floor, 4, C.R. Avenue, Kolkata – 700 072",033 - 22124339 / 22124341,oio.kolkata@cioins.co.in,West Bengal|Sikkim|Andaman and Nicobar Islands,,"West Bengal, Sikkim, Andaman & Nicobar Islands.","Council for Insurance Ombudsmen, cioins.co.in/Ombudsman (the displayed list)",2026-10-05
Lucknow,"6th Floor, Jeevan Bhawan, Phase-II, Nawal Kishore Road, Hazratganj, Lucknow – 226 001",0522 - 4002082 / 3500613,oio.lucknow@cioins.co.in,,Uttar Pradesh,"Districts of Uttar Pradesh: Lalitpur, Jhansi, Mahoba, Hamirpur, Banda, Chitrakoot, Allahabad, Mirzapur, Sonbhabdra, Fatehpur, Pratapgarh, Jaunpur, Varanasi, Gazipur, Jalaun, Kanpur, Lucknow, Unnao, Sitapur, Lakhimpur, Bahraich, Barabanki, Raebareli, Sravasti, Gonda, Faizabad, Amethi, Kaushambi, Balrampur, Basti, Ambedkarnagar, Sultanpur, Maharajgang, Santkabirnagar, Azamgarh, Kushinagar, Gorkhpur, Deoria, Mau, Ghazipur, Chandauli, Ballia, Sidharathnagar.","Council for Insurance Ombudsmen, cioins.co.in/Ombudsman (the displayed list)",2026-10-05
Mumbai,"3rd Floor, Jeevan Seva Annexe, S. V. Road, Santacruz (W), Mumbai – 400 054",022 - 69038800/27/29/31/32/33,oio.mumbai@cioins.co.in,,Maharashtra,"List of wards under Mumbai Metropolitan Region excluding wards in Mumbai – i.e. M/E, M/W, N, S and T covered under Office of Insurance Ombudsman Thane and excluding areas of Navi Mumbai.","Council for Insurance Ombudsmen, cioins.co.in/Ombudsman (the displayed list)",2026-10-05
Noida,"Bhagwan Sahai Palace, 4th Floor, Main Road, Naya Bans, Sector 15, Distt: Gautam Buddh Nagar, U.P. – 201 301",0120-4027589,oio.noida@cioins.co.in,Uttarakhand,Uttar Pradesh,"State of Uttarakhand and the following Districts of Uttar Pradesh: Agra, Aligarh, Bagpat, Bareilly, Bijnor, Budaun, Bulandshehar, Etah, Kannauj, Mainpuri, Mathura, Meerut, Moradabad, Muzaffarnagar, Oraiyya, Pilibhit, Etawah, Farrukhabad, Firozbad, Gautam Buddh nagar, Ghaziabad, Hardoi, Shahjahanpur, Hapur, Shamli, Rampur, Kashganj, Sambhal, Amroha, Hathras, Kanshiramnagar, Saharanpur.","Council for Insurance Ombudsmen, cioins.co.in/Ombudsman (the displayed list)",2026-10-05
Patna,"2nd Floor, Lalit Bhawan, Bailey Road, Patna – 800 001",0612-2547068,oio.patna@cioins.co.in,Bihar|Jharkhand,,"Bihar, Jharkhand.","Council for Insurance Ombudsmen, cioins.co.in/Ombudsman (the displayed list)",2026-10-05
Pune,"Jeevan Darshan Bldg., 3rd Floor, C.T.S. No.s. 195 to 198, N.C. Kelkar Road, Narayan Peth, Pune – 411 030",020-24471175,oio.pune@cioins.co.in,Goa,Maharashtra,"State of Goa and State of Maharashtra excluding areas of Navi Mumbai, Thane district, Palghar District, Raigad district & Mumbai Metropolitan Region.","Council for Insurance Ombudsmen, cioins.co.in/Ombudsman (the displayed list)",2026-10-05
Thane,"Jeevan Chintamani Building, 2nd Floor, Near New RTO Office, Louis Wadi, Vasantrao Naik Mahamarg, Thane (West) – 400 604",022-20812868/69,oio.thane@cioins.co.in,,Maharashtra,"Area of Navi Mumbai, Thane District, Raigad District, Palghar District and wards of Mumbai, M/East, M/West, N, S and T.","Council for Insurance Ombudsmen, cioins.co.in/Ombudsman (the displayed list)",2026-10-05
