item,list,match_keywords,source_document,effective_date
Baby Charges,II,baby charge|baby set|baby bottle|feeding bottle|baby vaccine|vaccine charges for baby,"IRDAI Guidelines on Standardization in Health Insurance (Modification, 27 Sep 2019), List II",2019-09-27
Hand Wash,II,hand wash,"IRDAI Guidelines on Standardization in Health Insurance (Modification, 27 Sep 2019), List II",2019-09-27
Shoe Cover / Foot Cover,II,shoe cover|foot cover,"IRDAI Guidelines on Standardization in Health Insurance (Modification, 27 Sep 2019), List II",2019-09-27
Caps,II,surgical cap|theatre cap,"IRDAI Guidelines on Standardization in Health Insurance (Modification, 27 Sep 2019), List II",2019-09-27
Cradle Charges,II,cradle,"IRDAI Guidelines on Standardization in Health Insurance (Modification, 27 Sep 2019), List II",2019-09-27
Comb,II,comb,"IRDAI Guidelines on Standardization in Health Insurance (Modification, 27 Sep 2019), List II",2019-09-27
Eau-De-Cologne / Room Freshners,II,room freshener|room freshner|cologne,"IRDAI Guidelines on Standardization in Health Insurance (Modification, 27 Sep 2019), List II",2019-09-27
Gown,II,gown,"IRDAI Guidelines on Standardization in Health Insurance (Modification, 27 Sep 2019), List II",2019-09-27
Slippers,II,slipper,"IRDAI Guidelines on Standardization in Health Insurance (Modification, 27 Sep 2019), List II",2019-09-27
Tissue Paper,II,tissue paper,"IRDAI Guidelines on Standardization in Health Insurance (Modification, 27 Sep 2019), List II",2019-09-27
Tooth Paste,II,tooth paste|toothpaste,"IRDAI Guidelines on Standardization in Health Insurance (Modification, 27 Sep 2019), List II",2019-09-27
Tooth Brush,II,tooth brush|toothbrush,"IRDAI Guidelines on Standardization in Health Insurance (Modification, 27 Sep 2019), List II",2019-09-27
Bed Pan,II,bed pan|bedpan,"IRDAI Guidelines on Standardization in Health Insurance (Modification, 27 Sep 2019), List II",2019-09-27
Face Mask / Flexi Mask,II,face mask|flexi mask|surgical mask,"IRDAI Guidelines on Standardization in Health Insurance (Modification, 27 Sep 2019), List II",2019-09-27
Hand Holder,II,hand holder,"IRDAI Guidelines on Standardization in Health Insurance (Modification, 27 Sep 2019), List II",2019-09-27
Sputum Cup,II,sputum cup,"IRDAI Guidelines on Standardization in Health Insurance (Modification, 27 Sep 2019), List II",2019-09-27
Disinfectant Lotions,II,disinfectant lotion,"IRDAI Guidelines on Standardization in Health Insurance (Modification, 27 Sep 2019), List II",2019-09-27
Luxury Tax,II,luxury tax,"IRDAI Guidelines on Standardization in Health Insurance (Modification, 27 Sep 2019), List II",2019-09-27
HVAC Charges,II,hvac,"IRDAI Guidelines on Standardization in Health Insurance (Modification, 27 Sep 2019), List II",2019-09-27
House Keeping Charges,II,house keeping|housekeeping,"IRDAI Guidelines on Standardization in Health Insurance (Modification, 27 Sep 2019), List II",2019-09-27
Air Conditioner Charges,II,air conditioner charge|ac charge,"IRDAI Guidelines on Standardization in Health Insurance (Modification, 27 Sep 2019), List II",2019-09-27
IM/IV Injection Charges,II,im injection charge|iv injection charge|injection administration charge,"IRDAI Guidelines on Standardization in Health Insurance (Modification, 27 Sep 2019), List II",2019-09-27
Clean Sheet,II,clean sheet,"IRDAI Guidelines on Standardization in Health Insurance (Modification, 27 Sep 2019), List II",2019-09-27
Blanket / Warmer Blanket,II,blanket,"IRDAI Guidelines on Standardization in Health Insurance (Modification, 27 Sep 2019), List II",2019-09-27
Admission Kit,II,admission kit,"IRDAI Guidelines on Standardization in Health Insurance (Modification, 27 Sep 2019), List II",2019-09-27
Diabetic Chart Charges,II,diabetic chart,"IRDAI Guidelines on Standardization in Health Insurance (Modification, 27 Sep 2019), List II",2019-09-27
Documentation Charges / Administrative Expenses,II,documentation charge|administrative expense|admin charge,"IRDAI Guidelines on Standardization in Health Insurance (Modification, 27 Sep 2019), List II",2019-09-27
Discharge Procedure Charges,II,discharge procedure|discharge charge,"IRDAI Guidelines on Standardization in Health Insurance (Modification, 27 Sep 2019), List II",2019-09-27
Daily Chart Charges,II,daily chart,"IRDAI Guidelines on Standardization in Health Insurance (Modification, 27 Sep 2019), List II",2019-09-27
Entrance Pass / Visitors Pass Charges,II,visitor pass|entrance pass,"IRDAI Guidelines on Standardization in Health Insurance (Modification, 27 Sep 2019), List II",2019-09-27
Expenses Related to Prescription on Discharge,II,prescription on discharge|discharge prescription charge,"IRDAI Guidelines on Standardization in Health Insurance (Modification, 27 Sep 2019), List II",2019-09-27
File Opening Charges,II,file opening charge,"IRDAI Guidelines on Standardization in Health Insurance (Modification, 27 Sep 2019), List II",2019-09-27
Incidental Expenses / Misc. Charges,II,incidental expense|miscellaneous charge|misc charge,"IRDAI Guidelines on Standardization in Health Insurance (Modification, 27 Sep 2019), List II",2019-09-27
Patient Identification Band / Name Tag,II,identification band|name tag|id band,"IRDAI Guidelines on Standardization in Health Insurance (Modification, 27 Sep 2019), List II",2019-09-27
Pulseoxymeter Charges,II,pulseoxymeter|pulse oximeter charge|spo2 probe|spo2 sensor,"IRDAI Guidelines on Standardization in Health Insurance (Modification, 27 Sep 2019), List II",2019-09-27
Hair Removal Cream,III,hair removal cream,"IRDAI Guidelines on Standardization in Health Insurance (Modification, 27 Sep 2019), List III",2019-09-27
Disposable Razor Charges,III,disposable razor|disposable razors|disposables razors|razor charge,"IRDAI Guidelines on Standardization in Health Insurance (Modification, 27 Sep 2019), List III",2019-09-27
Eye Pad,III,eye pad,"IRDAI Guidelines on Standardization in Health Insurance (Modification, 27 Sep 2019), List III",2019-09-27
Eye Shield,III,eye shield|eye sheild,"IRDAI Guidelines on Standardization in Health Insurance (Modification, 27 Sep 2019), List III",2019-09-27
Camera Cover,III,camera cover,"IRDAI Guidelines on Standardization in Health Insurance (Modification, 27 Sep 2019), List III",2019-09-27
"DVD, CD Charges",III,dvd charge|cd charge,"IRDAI Guidelines on Standardization in Health Insurance (Modification, 27 Sep 2019), List III",2019-09-27
Gauze / Gauze Soft,III,gauze|gauze soft|gauge soft|gause soft,"IRDAI Guidelines on Standardization in Health Insurance (Modification, 27 Sep 2019), List III",2019-09-27
Ward and Theatre Booking Charges,III,ward booking charge|theatre booking charge|ot booking charge,"IRDAI Guidelines on Standardization in Health Insurance (Modification, 27 Sep 2019), List III",2019-09-27
Arthroscopy and Endoscopy Instruments,III,arthroscopy instrument|endoscopy instrument,"IRDAI Guidelines on Standardization in Health Insurance (Modification, 27 Sep 2019), List III",2019-09-27
Microscope Cover,III,microscope cover,"IRDAI Guidelines on Standardization in Health Insurance (Modification, 27 Sep 2019), List III",2019-09-27
Surgical Blades / Harmonic Scalpel / Shaver,III,surgical blade|harmonic scalpel|shaver blade,"IRDAI Guidelines on Standardization in Health Insurance (Modification, 27 Sep 2019), List III",2019-09-27
Surgical Drill,III,surgical drill,"IRDAI Guidelines on Standardization in Health Insurance (Modification, 27 Sep 2019), List III",2019-09-27
Eye Kit,III,eye kit,"IRDAI Guidelines on Standardization in Health Insurance (Modification, 27 Sep 2019), List III",2019-09-27
Eye Drape,III,eye drape,"IRDAI Guidelines on Standardization in Health Insurance (Modification, 27 Sep 2019), List III",2019-09-27
X-Ray Film,III,x ray film|xray film,"IRDAI Guidelines on Standardization in Health Insurance (Modification, 27 Sep 2019), List III",2019-09-27
Boyles Apparatus Charges,III,boyles apparatus,"IRDAI Guidelines on Standardization in Health Insurance (Modification, 27 Sep 2019), List III",2019-09-27
Cotton,III,cotton roll|absorbent cotton,"IRDAI Guidelines on Standardization in Health Insurance (Modification, 27 Sep 2019), List III",2019-09-27
Cotton Bandage,III,cotton bandage,"IRDAI Guidelines on Standardization in Health Insurance (Modification, 27 Sep 2019), List III",2019-09-27
Surgical Tape,III,surgical tape,"IRDAI Guidelines on Standardization in Health Insurance (Modification, 27 Sep 2019), List III",2019-09-27
Apron,III,apron,"IRDAI Guidelines on Standardization in Health Insurance (Modification, 27 Sep 2019), List III",2019-09-27
Tourniquet,III,tourniquet|torniquet,"IRDAI Guidelines on Standardization in Health Insurance (Modification, 27 Sep 2019), List III",2019-09-27
Orthobundle / Gynaec Bundle,III,orthobundle|ortho bundle|gynaec bundle|gynaecology bundle,"IRDAI Guidelines on Standardization in Health Insurance (Modification, 27 Sep 2019), List III",2019-09-27
Admission/Registration Charges,IV,admission service|registration charge|admission charge,"IRDAI Guidelines on Standardization in Health Insurance (Modification, 27 Sep 2019), List IV",2019-09-27
Hospitalisation for Evaluation / Diagnostic Purpose,IV,evaluation only|diagnostic admission|hospitalisation for evaluation|diagnostic purpose,"IRDAI Guidelines on Standardization in Health Insurance (Modification, 27 Sep 2019), List IV",2019-09-27
Urine Container / Urine Bag,IV,urine container|urine bag,"IRDAI Guidelines on Standardization in Health Insurance (Modification, 27 Sep 2019), List IV",2019-09-27
Blood Reservation Charges / Ante Natal Booking,IV,blood reservation|ante natal booking,"IRDAI Guidelines on Standardization in Health Insurance (Modification, 27 Sep 2019), List IV",2019-09-27
BiPAP Machine,IV,bipap,"IRDAI Guidelines on Standardization in Health Insurance (Modification, 27 Sep 2019), List IV",2019-09-27
CPAP / CAPD Equipment,IV,cpap|capd equipment,"IRDAI Guidelines on Standardization in Health Insurance (Modification, 27 Sep 2019), List IV",2019-09-27
Infusion Pump,IV,infusion pump,"IRDAI Guidelines on Standardization in Health Insurance (Modification, 27 Sep 2019), List IV",2019-09-27
Hydrogen Peroxide / Spirit / Disinfectants,IV,hydrogen peroxide,"IRDAI Guidelines on Standardization in Health Insurance (Modification, 27 Sep 2019), List IV",2019-09-27
Nutrition Planning / Dietician Charges,IV,dietician charge|nutrition planning|diet counselling|diet counseling,"IRDAI Guidelines on Standardization in Health Insurance (Modification, 27 Sep 2019), List IV",2019-09-27
HIV Kit,IV,hiv kit,"IRDAI Guidelines on Standardization in Health Insurance (Modification, 27 Sep 2019), List IV",2019-09-27
Antiseptic Mouthwash,IV,antiseptic mouthwash,"IRDAI Guidelines on Standardization in Health Insurance (Modification, 27 Sep 2019), List IV",2019-09-27
Lozenges,IV,lozenges|lozenge,"IRDAI Guidelines on Standardization in Health Insurance (Modification, 27 Sep 2019), List IV",2019-09-27
Mouth Paint,IV,mouth paint,"IRDAI Guidelines on Standardization in Health Insurance (Modification, 27 Sep 2019), List IV",2019-09-27
Vaccination Charges,IV,vaccination charge,"IRDAI Guidelines on Standardization in Health Insurance (Modification, 27 Sep 2019), List IV",2019-09-27
Alcohol Swabs,IV,alco swab|alcohol swab|alcohol gauze,"IRDAI Guidelines on Standardization in Health Insurance (Modification, 27 Sep 2019), List IV",2019-09-27
Scrub Solution / Sterillium,IV,sterillium|scrub solution|propanol|alcorub|povidone scrub|hand rub,"IRDAI Guidelines on Standardization in Health Insurance (Modification, 27 Sep 2019), List IV",2019-09-27
Glucometer & Strips,IV,glucometer|glucose strip,"IRDAI Guidelines on Standardization in Health Insurance (Modification, 27 Sep 2019), List IV",2019-09-27
